model,split,f1,precision,recall,micro_f1,macro_f1,weighted_f1
camembert-bio_2,test,0.896101862965089,0.892422825070159,0.8998113603018235,0.896101862965089,0.8925723094231602,0.8960961777564191
camembert-bio_1,test,0.8938432723128953,0.8814805408068562,0.9065814294697129,0.8938432723128953,0.8800533456977572,0.8938594018788338
camembert-base_1,test,0.8935695881370014,0.8797233465616134,0.9078599874240201,0.8935695881370014,0.88273225290775,0.8935949423345407
camembert-bio_1,val,0.8952754408406646,0.8864082098936468,0.9043868921775898,0.8952754408406646,0.8878235748661085,0.8954297324478301
camembert-bio_2,val,0.8936341659951652,0.8902863259298903,0.897007279590186,0.8936341659951652,0.8770021866848542,0.8936039599355383
camembert-base_1,val,0.8899485437871262,0.8788671299989209,0.9013227513227513,0.8899485437871262,0.8672314072335503,0.8901203162016472
